{"id": 0, "mmTotal": 1, "mmVAP": 1, "mmCVAP": 0, "peTotal": 0.04272081585099186, "peVAP": 0.0442538906700426, "peCVAP": 0.04389972246752891, "avgPolsby": 0.165606159658288, "districtPath": "districts/seawulf/", "countyPath": "counties/az_counties.json", "precinctPath": "precincts/az_precincts.json", "objectiveValue": 0.6400675780656025}