{"id": 21, "mmTotal": 1, "mmVAP": 1, "mmCVAP": 0, "peTotal": 0.02125231874367091, "peVAP": 0.026616679682481482, "peCVAP": 0.03558614634324801, "avgPolsby": 0.10429921580048415, "districtPath": "districts/seawulf/", "countyPath": "counties/az_counties.json", "precinctPath": "precincts/az_precincts.json", "objectiveValue": 0.6250286573663135}