{"id": 14, "mmTotal": 1, "mmVAP": 1, "mmCVAP": 0, "peTotal": 0.022861491194437197, "peVAP": 0.035372581909412816, "peCVAP": 0.04564743518737761, "avgPolsby": 0.2178568519016651, "districtPath": "districts/seawulf/", "countyPath": "counties/az_counties.json", "precinctPath": "precincts/az_precincts.json", "objectiveValue": 0.6663664391024205}