{"id": 7, "mmTotal": 1, "mmVAP": 0, "mmCVAP": 0, "peTotal": 0.009708310226299314, "peVAP": 0.018605638133402238, "peCVAP": 0.03565179481499021, "avgPolsby": 0.17251206375990272, "districtPath": "districts/seawulf/", "countyPath": "counties/az_counties.json", "precinctPath": "precincts/az_precincts.json", "objectiveValue": 0.6562116768690227}