{"id": 5, "mmTotal": 0, "mmVAP": 0, "mmCVAP": 0, "peTotal": 0.011566661101402195, "peVAP": 0.014081619985362621, "peCVAP": 0.024249488582145446, "avgPolsby": 0.18628414552873357, "districtPath": "districts/seawulf/", "countyPath": "counties/az_counties.json", "precinctPath": "precincts/az_precincts.json", "objectiveValue": 0.6645341042777114}