{"id": 4, "mmTotal": 0, "mmVAP": 0, "mmCVAP": 0, "peTotal": 0.01347255443681621, "peVAP": 0.012533977050784774, "peCVAP": 0.025186859330365265, "avgPolsby": 0.1487875667822024, "districtPath": "districts/seawulf/", "countyPath": "counties/az_counties.json", "precinctPath": "precincts/az_precincts.json", "objectiveValue": 0.6492763485492878}