{"id": 0, "mmTotal": 0, "mmVAP": 0, "mmCVAP": 0, "peTotal": 0.00986701814527913, "peVAP": 0.021469418128118922, "peCVAP": 0.028063807062596733, "avgPolsby": 0.16021216578449282, "districtPath": "districts/seawulf/", "countyPath": "counties/az_counties.json", "precinctPath": "precincts/az_precincts.json", "objectiveValue": 0.6522048176465982}