{"id": 12, "mmTotal": 1, "mmVAP": 1, "mmCVAP": 0, "peTotal": 0.027158910114266906, "peVAP": 0.031927781715402594, "peCVAP": 0.040532951772762796, "avgPolsby": 0.21915472017771048, "districtPath": "districts/seawulf/", "countyPath": "counties/az_counties.json", "precinctPath": "precincts/az_precincts.json", "objectiveValue": 0.6677379593505978}