{"id": 1, "mmTotal": 1, "mmVAP": 0, "mmCVAP": 0, "peTotal": 0.01551995650703866, "peVAP": 0.01717456012079446, "peCVAP": 0.028462372552028447, "avgPolsby": 0.16441683352662131, "districtPath": "districts/seawulf/", "countyPath": "counties/az_counties.json", "precinctPath": "precincts/az_precincts.json", "objectiveValue": 0.6535353555746762}