{"id": 8, "mmTotal": 1, "mmVAP": 0, "mmCVAP": 0, "peTotal": 0.00948583947819633, "peVAP": 0.014898115762320155, "peCVAP": 0.029207066051915136, "avgPolsby": 0.1743879899429455, "districtPath": "districts/seawulf/", "countyPath": "counties/az_counties.json", "precinctPath": "precincts/az_precincts.json", "objectiveValue": 0.6590369917186919}