{"id": 23, "mmTotal": 1, "mmVAP": 0, "mmCVAP": 0, "peTotal": 0.023720611418412522, "peVAP": 0.02503403118310148, "peCVAP": 0.033369951495331944, "avgPolsby": 0.12467255014868342, "districtPath": "districts/seawulf/", "countyPath": "counties/az_counties.json", "precinctPath": "precincts/az_precincts.json", "objectiveValue": 0.6334441012401042}