{"id": 9, "mmTotal": 1, "mmVAP": 0, "mmCVAP": 0, "peTotal": 0.01072627820002008, "peVAP": 0.018605638133402238, "peCVAP": 0.03565179481499021, "avgPolsby": 0.17067689750868587, "districtPath": "districts/seawulf/", "countyPath": "counties/az_counties.json", "precinctPath": "precincts/az_precincts.json", "objectiveValue": 0.6552740167737919}