{"id": 6, "mmTotal": 0, "mmVAP": 0, "mmCVAP": 0, "peTotal": 0.009067325996692722, "peVAP": 0.012810232307032727, "peCVAP": 0.02673864286520011, "avgPolsby": 0.17770538875119848, "districtPath": "districts/seawulf/", "countyPath": "counties/az_counties.json", "precinctPath": "precincts/az_precincts.json", "objectiveValue": 0.6613589152666943}