{"id": 13, "mmTotal": 0, "mmVAP": 0, "mmCVAP": 0, "peTotal": 0.022430532774793323, "peVAP": 0.028488755635174168, "peCVAP": 0.0375129188265793, "avgPolsby": 0.23514459016821881, "districtPath": "districts/seawulf/", "countyPath": "counties/az_counties.json", "precinctPath": "precincts/az_precincts.json", "objectiveValue": 0.6763713946199783}