{"id": 2, "mmTotal": 1, "mmVAP": 0, "mmCVAP": 0, "peTotal": 0.008472346088975435, "peVAP": 0.01717456012079446, "peCVAP": 0.028462372552028447, "avgPolsby": 0.15534704328403787, "districtPath": "districts/seawulf/", "countyPath": "counties/az_counties.json", "precinctPath": "precincts/az_precincts.json", "objectiveValue": 0.6513169615612555}