{"id": 10, "mmTotal": 1, "mmVAP": 1, "mmCVAP": 0, "peTotal": 0.025775284688447267, "peVAP": 0.030467111369663093, "peCVAP": 0.039049865400308324, "avgPolsby": 0.23791297796124283, "districtPath": "districts/seawulf/", "countyPath": "counties/az_counties.json", "precinctPath": "precincts/az_precincts.json", "objectiveValue": 0.6761067388928135}