{"id": 3, "mmTotal": 0, "mmVAP": 0, "mmCVAP": 0, "peTotal": 0.021823946913529492, "peVAP": 0.02451616535329637, "peCVAP": 0.03456259927298891, "avgPolsby": 0.1709542591086639, "districtPath": "districts/seawulf/", "countyPath": "counties/az_counties.json", "precinctPath": "precincts/az_precincts.json", "objectiveValue": 0.6522011613355025}