{"id": 16, "mmTotal": 0, "mmVAP": 0, "mmCVAP": 0, "peTotal": 0.021289933219622956, "peVAP": 0.030248958133344498, "peCVAP": 0.03554570038078146, "avgPolsby": 0.22654516682964937, "districtPath": "districts/seawulf/", "countyPath": "counties/az_counties.json", "precinctPath": "precincts/az_precincts.json", "objectiveValue": 0.67320114838511}