{"id": 15, "mmTotal": 0, "mmVAP": 0, "mmCVAP": 0, "peTotal": 0.022430532774793323, "peVAP": 0.025930281906670113, "peCVAP": 0.03448882095954489, "avgPolsby": 0.22911576312651138, "districtPath": "districts/seawulf/", "countyPath": "counties/az_counties.json", "precinctPath": "precincts/az_precincts.json", "objectiveValue": 0.675076378122403}