{"id": 22, "mmTotal": 0, "mmVAP": 0, "mmCVAP": 0, "peTotal": 0.022856177625343598, "peVAP": 0.027400335187305034, "peCVAP": 0.02828819069356696, "avgPolsby": 0.12310647157813981, "districtPath": "districts/seawulf/", "countyPath": "counties/az_counties.json", "precinctPath": "precincts/az_precincts.json", "objectiveValue": 0.6335336479300129}