{"id": 3, "mmTotal": 1, "mmVAP": 1, "mmCVAP": 0, "peTotal": 0.05052393189570527, "peVAP": 0.05208737822033152, "peCVAP": 0.05192346973513992, "avgPolsby": 0.1971335859110478, "districtPath": "districts/seawulf/", "countyPath": "counties/az_counties.json", "precinctPath": "precincts/az_precincts.json", "objectiveValue": 0.6479464783941838}