{"id": 17, "mmTotal": 0, "mmVAP": 0, "mmCVAP": 0, "peTotal": 0.022659995061177357, "peVAP": 0.03291948575742659, "peCVAP": 0.04154125538983099, "avgPolsby": 0.23092295928552606, "districtPath": "districts/seawulf/", "countyPath": "counties/az_counties.json", "precinctPath": "precincts/az_precincts.json", "objectiveValue": 0.6729450364725235}