{"id": 20, "mmTotal": 1, "mmVAP": 1, "mmCVAP": 0, "peTotal": 0.027203096636203135, "peVAP": 0.029312649495414633, "peCVAP": 0.04046079942765914, "avgPolsby": 0.10793011234494838, "districtPath": "districts/seawulf/", "countyPath": "counties/az_counties.json", "precinctPath": "precincts/az_precincts.json", "objectiveValue": 0.6237767358261239}